<object-stream>
  <sample.MainStore>
    <floors>
      <sample.Floor>
        <fNum>1</fNum>
        <id>1</id>
        <fLvl>1</fLvl>
        <security>High</security>
        <fTemp>12.0</fTemp>
        <aList>
          <sample.Aisle>
            <identifier>k7</identifier>
            <x>10</x>
            <y>10</y>
            <shelfArray>
              <sample.Shelf>
                <sNum>1</sNum>
                <listForPallet/>
              </sample.Shelf>
            </shelfArray>
          </sample.Aisle>
        </aList>
      </sample.Floor>
    </floors>
  </sample.MainStore>
</object-stream>